<?xml version="1.0" encoding="UTF-8"?>
<beans xmlns="http://www.springframework.org/schema/beans"
	xmlns:xsi="http://www.w3.org/2001/XMLSchema-instance" xmlns:aop="http://www.springframework.org/schema/aop"
	xsi:schemaLocation="http://www.springframework.org/schema/beans http://www.springframework.org/schema/beans/spring-beans-3.0.xsd">
	<bean id="basic" class="com.dsrc.beans.EmployeeBean">
	<property name="empno" value="101"> </property>
	<property name="name" value="Hari"> </property>
	<property name="city" value="Vancouver"> </property>
	</bean>
</beans>